{
  "model": "whisper-lora",
  "model_id": "whisper-small + LoRA (checkpoint-10500)",
  "groups": {
    "healthy": {
      "wer": 0.036491228070175435,
      "cer": 0.018155560140292966,
      "substitutions": 91,
      "deletions": 5,
      "insertions": 8,
      "num_samples": 1097
    },
    "dysarthria": {
      "wer": 0.20743639921722112,
      "cer": 0.12496749024707413,
      "substitutions": 250,
      "deletions": 32,
      "insertions": 36,
      "num_samples": 558
    }
  },
  "overall_wer": 0.09628108601414556,
  "overall_cer": 0.05510323422248212,
  "total_samples": 1655
}